3,book 3,Robert Martin 3,Programming,3
3,Clean Code,Robert Martin,Programming,3
4,hh,hh,hh,4
5,hh,hjjj,jjj,5
3,book 3,Robert Martin 3,Programming,3
3,Clean Code,Robert Martin,Programming,3
4,hh,hh,hh,4
5,hh,hjjj,jjj,5
3,book 3,Robert Martin 3,Programming,3
3,Clean Code,Robert Martin,Programming,3
4,hh,hh,hh,4
5,hh,hjjj,jjj,5
3,book 3,Robert Martin 3,Programming,3
3,Clean Code,Robert Martin,Programming,3
4,hh,hh,hh,4
5,hh,hjjj,jjj,5
3,book 3,Robert Martin 3,Programming,3
3,Clean Code,Robert Martin,Programming,3
4,hh,hh,hh,4
5,hh,hjjj,jjj,5
3,book 3,Robert Martin 3,Programming,3
3,Clean Code,Robert Martin,Programming,3
4,hh,hh,hh,4
5,hh,hjjj,jjj,5
3,book 3,Robert Martin 3,Programming,3
3,Clean Code,Robert Martin,Programming,3
4,hh,hh,hh,4
5,hh,hjjj,jjj,5
3,book 3,Robert Martin 3,Programming,3
3,Clean Code,Robert Martin,Programming,3
4,hh,hh,hh,4
5,hh,hjjj,jjj,5
3,book 3,Robert Martin 3,Programming,3
3,Clean Code,Robert Martin,Programming,3
4,hh,hh,hh,4
5,hh,hjjj,jjj,5
3,book 3,Robert Martin 3,Programming,3
3,Clean Code,Robert Martin,Programming,3
4,hh,hh,hh,4
5,hh,hjjj,jjj,5
3,book 3,Robert Martin 3,Programming,3
3,Clean Code,Robert Martin,Programming,3
4,hh,hh,hh,4
5,hh,hjjj,jjj,5
3,book 3,Robert Martin 3,Programming,3
3,Clean Code,Robert Martin,Programming,3
4,hh,hh,hh,4
5,hh,hjjj,jjj,5
3,book 3,Robert Martin 3,Programming,3
3,Clean Code,Robert Martin,Programming,3
4,hh,hh,hh,4
5,hh,hjjj,jjj,5
3,book 3,Robert Martin 3,Programming,3
3,Clean Code,Robert Martin,Programming,3
4,hh,hh,hh,4
5,hh,hjjj,jjj,5
3,book 3,Robert Martin 3,Programming,3
3,Clean Code,Robert Martin,Programming,3
4,hh,hh,hh,4
5,hh,hjjj,jjj,5
3,book 3,Robert Martin 3,Programming,3
3,Clean Code,Robert Martin,Programming,3
4,hh,hh,hh,4
5,hh,hjjj,jjj,5
3,book 3,Robert Martin 3,Programming,3
3,Clean Code,Robert Martin,Programming,3
4,hh,hh,hh,4
5,hh,hjjj,jjj,5
3,book 3,Robert Martin 3,Programming,3
3,Clean Code,Robert Martin,Programming,3
4,hh,hh,hh,4
5,hh,hjjj,jjj,5
3,book 3,Robert Martin 3,Programming,3
3,Clean Code,Robert Martin,Programming,3
4,hh,hh,hh,4
5,hh,hjjj,jjj,5
3,book 3,Robert Martin 3,Programming,3
3,Clean Code,Robert Martin,Programming,3
4,hh,hh,hh,4
5,hh,hjjj,jjj,5
3,book 3,Robert Martin 3,Programming,3
3,Clean Code,Robert Martin,Programming,3
4,hh,hh,hh,4
5,hh,hjjj,jjj,5
3,book 3,Robert Martin 3,Programming,3
3,Clean Code,Robert Martin,Programming,3
4,hh,hh,hh,4
5,hh,hjjj,jjj,5
3,book 3,Robert Martin 3,Programming,3
3,Clean Code,Robert Martin,Programming,3
4,hh,hh,hh,4
5,hh,hjjj,jjj,5
3,book 3,Robert Martin 3,Programming,3
3,Clean Code,Robert Martin,Programming,3
4,hh,hh,hh,4
5,hh,hjjj,jjj,5
3,book 3,Robert Martin 3,Programming,3
3,Clean Code,Robert Martin,Programming,3
4,hh,hh,hh,4
5,hh,hjjj,jjj,5
3,book 3,Robert Martin 3,Programming,3
3,Clean Code,Robert Martin,Programming,3
4,hh,hh,hh,4
5,hh,hjjj,jjj,5
